-- both test users have the password "password"

INSERT INTO users (username, password, first_name, last_name, email, is_admin)
    VALUES ('testuser',
            '$2b$12$AZH7virni5jlTTiGgEg4zu3lSvAw68qVEfSIOjJ3RqtbJbdW/Oi5q',
            'Test',
            'User',
            'joel@joelburton.com',
            FALSE),
        ('testadmin',
            '$2b$12$AZH7virni5jlTTiGgEg4zu3lSvAw68qVEfSIOjJ3RqtbJbdW/Oi5q',
            'Test',
            'Admin!',
            'joel@joelburton.com',
            TRUE);

INSERT INTO categories (handle, 
                        name,
                        description)
    VALUES ('animals', 'Animals','animals'),
           ('sports','Sports','sports'),
           ('places', 'Places','places'),
           ('food and cooking', 'Food and Cooking','food and cooking'),
           ('movies 1', 'Movies 1', 'movies 1'),
           ('movies 2', 'Movies 2', 'movies 2'),
           ('food 1', 'Food 1', 'food 1'),
           ('food 2', 'Food 2', 'food 2'),
           ('nature', 'Nature', 'nature'),
           ('math', 'Math', 'math'),
           ('music', 'Music', 'music'),
           ('art', 'Art', 'art'),
           ('dog breeds', 'Dog Breeds', 'dog breeds'),
           ('feelings and emotions', 'Feelings and Emotions', 'feelings and emotions'),
           ('halloween', 'Halloween', 'halloween'),
           ('spring', 'Spring', 'spring'),
           ('christmas', 'Christmas', 'christmas'),
           ('thanksgiving', 'Thanksgiving', 'thanksgiving'),
           ('people', 'People', 'people'),
           ('office', 'Office', 'office'),
           ('family movies', 'Family Movies', 'family movies'),
           ('celebrities', 'Celebrities', 'celebrities'),
           ('characters', 'Characters', 'characters'),
           ('historical people', 'Historical People', 'historical people'),
           ('instruments', 'Instruments', 'instruments'),
           ('brands', 'Brands', 'brands'),
           ('random 1', 'Random 1', 'random 1'),
           ('random 2', 'Random 2', 'random 2'),
           ('random 3', 'Random 3', 'random 3'),
           ('random 4', 'Random 4', 'random 4'),
           ('random 5', 'Random 5', 'random 5'),
           ('random 6', 'Random 6', 'random 6'),
           ('random 7', 'Random 7', 'random 7'),
           ('random 8', 'Random 8', 'random 8'),
           ('random 9', 'Random 9', 'random 9'),
           ('random 10', 'Random 10', 'random 10');



INSERT INTO words (name, 
                   category_handle)
    VALUES ('leopard', 'animals'),
           ('reindeer','animals'),
           ('clam', 'animals'),
           ('crab', 'animals'),
           ('donkey', 'animals'),
           ('seahorse', 'animals'),
           ('puppy', 'animals'),
           ('python', 'animals'),
           ('spider', 'animals'),
           ('bumblebee', 'animals'),
           ('trophy', 'sports'),
           ('karate', 'sports'),
           ('curve ball', 'sports'),
           ('soft ball', 'sports'),
           ('swimming pool', 'sports'),
           ('slam dunk', 'sports'),
           ('sprint', 'sports'),
           ('game clock', 'sports'),
           ('tumbling', 'sports'),
           ('uniform number', 'sports'),
           ('Nebraska', 'places'),
           ('Stonehenge', 'places'),
           ('Big Ben', 'places'),
           ('Iran', 'places'),
           ('Ukraine', 'places'),
           ('Egypt', 'places'),
           ('Bahamas', 'places'),
           ('South Dakota', 'places'),
           ('Phonenix', 'places'),
           ('West Virginia', 'places'),
           ('meatball', 'food and cooking'),
           ('cuisine', 'food and cooking'),
           ('white bread', 'food and cooking'),
           ('pumpkin pie', 'food and cooking'),
           ('cookie', 'food and cooking'),
           ('food coloring', 'food and cooking'),
           ('green bean', 'food and cooking'),
           ('whipped cream', 'food and cooking'),
           ('salami', 'food and cooking'),
           ('kettle', 'food and cooking'),
           ('Spiderman', 'movies 1'),
           ('Groundhog Day', 'movies 1'),
           ('Back to the Future', 'movies 1'),
           ('Apollo 13', 'movies 1'),
           ('Batman', 'movies 1'),
           ('The Princess Bride', 'movies 1'),
           ('High School Musical', 'movies 1'),
           ('Snow White', 'movies 1'),
           ('Tarzan', 'movies 1'),
           ('Sleeping Beauty', 'movies 1'),
           ('The Lion King', 'movies 2'),
           ('Dumbo', 'movies 2'),
           ('Aladdin', 'movies 2'),
           ('Forest Gump', 'movies 2'),
           ('Beauty and the Beast', 'movies 2'),
           ('Up', 'movies 2'),
           ('Thoy Story', 'movies 2'),
           ('Cars', 'movies 2'),
           ('Finding Nemo', 'movies 2'),
           ('The Incredibles', 'movies 2'),
           ('beef jerky', 'food 1'),
           ('deep-fry', 'food 1'),
           ('blackberry', 'food 1'),
           ('pancakes', 'food 1'),
           ('broth', 'food 1'),
           ('hot dogs', 'food 1'),
           ('Kool-aid', 'food 1'),
           ('bake', 'food 1'),
           ('waffles', 'food 1'),
           ('crepe', 'food 1'),
           ('KFC', 'food 2'),
           ('appetizer', 'food 2'),
           ('frying pan', 'food 2'),
           ('popcorn', 'food 2'),
           ('chicken pot pie', 'food 2'),
           ('strawberry', 'food 2'),
           ('basil', 'food 2'),
           ('taco', 'food 2'),
           ('Burger King', 'food 2'),
           ('McDonalds', 'food 2'),
           ('river', 'nature'),
           ('cliff', 'nature'),
           ('moor', 'nature'),
           ('predator', 'nature'),
           ('weeping pillow', 'nature'),
           ('typhoon', 'nature'),
           ('saltwater', 'nature'),
           ('wadi', 'nature'),
           ('paw', 'nature'),
           ('wings', 'nature'),
           ('regular polygon', 'math'),
           ('square', 'math'),
           ('meter', 'math'),
           ('quantity', 'math'),
           ('compass', 'math'),
           ('linear', 'math'),
           ('thirty', 'math'),
           ('quadratic', 'math'),
           ('karat', 'math'),
           ('standard', 'math'),
           ('marimba','music'),
           ('whole note','music'),
           ('arpeggio','music'),
           ('organ','music'),
           ('tuba','music'),
           ('diminuendo','music'),
           ('quarter rest','music'),
           ('dynamics','music'),
           ('modulation','music'),
           ('bridge','music'),
           ('expressionism', 'art'),
           ('model', 'art'),
           ('museum', 'art'),
           ('color wheel', 'art'),
           ('colored pencil', 'art'),
           ('screen printing', 'art'),
           ('ceramics', 'art'),
           ('palette', 'art'),
           ('collage', 'art'),
           ('compass', 'art'),
           ('Great Dane', 'dog breeds'),
           ('Bull Terrier', 'dog breeds'),
           ('Goldendoodle', 'dog breeds'),
           ('Cocker Spaniel', 'dog breeds'),
           ('Jack Russell Terrier', 'dog breeds'),
           ('Pekingese', 'dog breeds'),
           ('Double Doodle', 'dog breeds'),
           ('Dalmatian', 'dog breeds'),
           ('Alaskan Husky', 'dog breeds'),
           ('Cockapoo', 'dog breeds'),
           ('arrogant', 'feelings and emotions'),
           ('cheerful', 'feelings and emotions'),
           ('turbulent', 'feelings and emotions'),
           ('cranky', 'feelings and emotions'),
           ('lascivious', 'feelings and emotions'),
           ('expectant', 'feelings and emotions'),
           ('mystified', 'feelings and emotions'),
           ('failure', 'feelings and emotions'),
           ('worry', 'feelings and emotions'),
           ('enchanting', 'feelings and emotions'),
           ('bats', 'halloween'),
           ('carve', 'halloween'),
           ('moon', 'halloween'),
           ('spooks', 'halloween'),
           ('warlock', 'halloween'),
           ('marshmallow', 'halloween'),
           ('fog', 'halloween'),
           ('grave', 'halloween'),
           ('witch', 'halloween'),
           ('dark', 'halloween'),
           ('mud', 'spring'),
           ('rainbow', 'spring'),
           ('bees', 'spring'),
           ('daffodil', 'spring'),
           ('caterpillar', 'spring'),
           ('garden', 'spring'),
           ('pollen', 'spring'),
           ('tulips', 'spring'),
           ('sunshine', 'spring'),
           ('spring break', 'spring'),
           ('snowflake', 'christmas'),
           ('cookies', 'christmas'),
           ('reindeer', 'christmas'),
           ('chimmey', 'christmas'),
           ('the Nutcracker', 'christmas'),
           ('mistletoe', 'christmas'),
           ('gingerbread house', 'christmas'),
           ('icicle', 'christmas'),
           ('bells', 'christmas'),
           ('ho ho ho', 'christmas'),
           ('gratitude', 'thanksgiving'),
           ('celebration', 'thanksgiving'),
           ('praise', 'thanksgiving'),
           ('pilgrims', 'thanksgiving'),
           ('cranberry sauce', 'thanksgiving'),
           ('gravy', 'thanksgiving'),
           ('mashed potatoes', 'thanksgiving'),
           ('food drives', 'thanksgiving'),
           ('festival', 'thanksgiving'),
           ('cornucopia', 'thanksgiving'),
           ('princess', 'people'),
           ('locksmith', 'people'),
           ('researcher', 'people'),
           ('hairdresser', 'people'),
           ('sweatheart', 'people'),
           ('resident', 'people'),
           ('youngster', 'people'),
           ('statistician', 'people'),
           ('benefactor', 'people'),
           ('author', 'people'),
           ('promotion', 'office'),
           ('strike', 'office'),
           ('photocopier', 'office'),
           ('salary', 'office'),
           ('computer', 'office'),
           ('elevator', 'office'),
           ('factory', 'office'),
           ('budget', 'office'),
           ('contract', 'office'),
           ('facility', 'office'),
           ('The Little Mermaid', 'family movies'),
           ('Robots', 'family movies'),
           ('The Iron Giant', 'family movies'),
           ('The Fox and the Hound', 'family movies'),
           ('Happy Feet', 'family movies'),
           ('Brave', 'family movies'),
           ('Return to Oz', 'family movies'),
           ('The Return of Jafar', 'family movies'),
           ('Moana', 'family movies'),
           ('Oliver & Company', 'family movies'),
           ('Tony Hawk', 'celebrities'),
           ('Pierce Brosnan', 'celebrities'),
           ('Ryan Seacrest', 'celebrities'),
           ('Robin Williams', 'celebrities'),
           ('Stephanie Meyer', 'celebrities'),
           ('Britney Spears', 'celebrities'),
           ('Kate Winslet', 'celebrities'),
           ('Channing Tatum', 'celebrities'),
           ('Elton John', 'celebrities'),
           ('The Rolling Stones', 'celebrities'),
           ('Jason Bourne', 'characters'),
           ('Wonder Woman', 'characters'),
           ('Barbie', 'characters'),
           ('Legolas', 'characters'),
           ('Ronald McDonald', 'characters'),
           ('Tinker Bell', 'characters'),
           ('Elmo', 'characters'),
           ('Willy Wonka', 'characters'),
           ('Harry Potter', 'characters'),
           ('Alex the Lion', 'characters'),
           ('Jane Austen', 'historical people'),
           ('Thomas Jefferson', 'historical people'),
           ('Alexander the Great', 'historical people'),
           ('Alexander Hamilton', 'historical people'),
           ('Genghis Khan', 'historical people'),
           ('Sigmund Freud', 'historical people'),
           ('Jackson Pollock', 'historical people'),
           ('Amelia Earhart', 'historical people'),
           ('Richard Nixon', 'historical people'),
           ('Edgar Allan Poe', 'historical people'),
           ('bell', 'instruments'),
           ('House', 'instruments'),
           ('Folk Music', 'instruments'),
           ('Gospel', 'instruments'),
           ('Transverse Flute', 'instruments'),
           ('Bongo Drum', 'instruments'),
           ('Symphony', 'instruments'),
           ('Piano', 'instruments'),
           ('Guitar', 'instruments'),
           ('Hip Hop', 'instruments'),
           ('Lufthansa', 'brands'),
           ('Firefox', 'brands'),
           ('Ben and Jerrys', 'brands'),
           ('Walmart', 'brands'),
           ('Huyndai', 'brands'),
           ('FedEx', 'brands'),
           ('Oreo', 'brands'),
           ('GoPro', 'brands'),
           ('Ford', 'brands'),
           ('Adidas', 'brands'),
           ('photosynthesis', 'random 1'),
           ('rubber', 'random 1'),
           ('drive-through', 'random 1'),
           ('catalog', 'random 1'),
           ('fireside', 'random 1'),
           ('letter opener', 'random 1'),
           ('yardstick', 'random 1'),
           ('religion', 'random 1'),
           ('germ', 'random 1'),
           ('ski goggles', 'random 1'),
           ('sleep', 'random 2'),
           ('cowboy', 'random 2'),
           ('bruise', 'random 2'),
           ('prime meridian', 'random 2'),
           ('stationery', 'random 2'),
           ('torch', 'random 2'),
           ('retail', 'random 2'),
           ('connection', 'random 2'),
           ('edit', 'random 2'),
           ('bedhug', 'random 2'),
           ('plow', 'random 3'),
           ('accounting', 'random 3'),
           ('spare', 'random 3'),
           ('son-in-law', 'random 3'),
           ('tiptoe', 'random 3'),
           ('shower curtain', 'random 3'),
           ('blueprint', 'random 3'),
           ('ream', 'random 3'),
           ('chameleon', 'random 3'),
           ('tearful', 'random 3'),
           ('turtleneck', 'random 4'),
           ('landscape', 'random 4'),
           ('chisel', 'random 4'),
           ('ivy', 'random 4'),
           ('quartz', 'random 4'),
           ('saddle', 'random 4'),
           ('whisk', 'random 4'),
           ('economics', 'random 4'),
           ('puppet', 'random 4'),
           ('password', 'random 4'),
           ('cushion', 'random 5'),
           ('roommate', 'random 5'),
           ('swamp', 'random 5'),
           ('wallow', 'random 5'),
           ('limit', 'random 5'),
           ('coastline', 'random 5'),
           ('owner', 'random 5'),
           ('frost', 'random 5'),
           ('barber', 'random 5'),
           ('pizza sauce', 'random 5'),
           ('atlas', 'random 6'),
           ('page', 'random 6'),
           ('scuff mark', 'random 6'),
           ('scream', 'random 6'),
           ('speakers', 'random 6'),
           ('stage', 'random 6'),
           ('wobble', 'random 6'),
           ('chairman', 'random 6'),
           ('flavor', 'random 6'),
           ('bobsled', 'random 6'),
           ('gold', 'random 7'),
           ('pickup truck', 'random 7'),
           ('glue gun', 'random 7'),
           ('mirror', 'random 7'),
           ('laundry detergent', 'random 7'),
           ('miner', 'random 7'),
           ('cubicle', 'random 7'),
           ('migrate', 'random 7'),
           ('lunch tray', 'random 7'),
           ('amusement park', 'random 7'),
           ('newsletter', 'random 8'),
           ('lance', 'random 8'),
           ('flu', 'random 8'),
           ('softball', 'random 8'),
           ('ceiling fan', 'random 8'),
           ('dorsal', 'random 8'),
           ('imagine', 'random 8'),
           ('ditch', 'random 8'),
           ('wig', 'random 8'),
           ('crop duster', 'random 8'),
           ('student', 'random 9'),
           ('manatee', 'random 9'),
           ('boulevard', 'random 9'),
           ('wrap', 'random 9'),
           ('pharaoh', 'random 9'),
           ('geologist', 'random 9'),
           ('foil', 'random 9'),
           ('sandpaper', 'random 9'),
           ('ratchet', 'random 9'),
           ('earache', 'random 9'),
           ('vanilla', 'random 10'),
           ('mascot', 'random 10'),
           ('haircut', 'random 10'),
           ('shampoo', 'random 10'),
           ('skating rink', 'random 10'),
           ('kneel', 'random 10'),
           ('gallon', 'random 10'),
           ('carat', 'random 10'),
           ('balance beam', 'random 10'),
           ('fresh water', 'random 10');